election_date,state,county_name,jurisdiction,jurisdiction_type,precinct_id,precinct_name,polling_place_id,location_type,name,address,notes,source,source_date,source_notes,Google_geog,HERE_geog,MapQuest_geog,AzureMaps_geog,geog
2020-11-03,VT,,Addison,municipality,,,,election_day,Addison Town Clerk's Office,"65 VT Route 17 West, Vergennes",,ORR,2020-11-01,,POINT (-73.3041351 44.08871),POINT (-73.30413 44.0887),POINT (-73.304147 44.088924),POINT (-73.30414 44.08871),POINT (-73.3041351 44.08871)
2020-11-03,VT,,Albany,municipality,,,,election_day,Albany Town Hall,"827 Main Street, Albany",,ORR,2020-11-01,,POINT (-72.37902439999999 44.7312082),POINT (-72.37906 44.7312),,POINT (-72.37906 44.7312),POINT (-72.37902439999999 44.7312082)
2020-11-03,VT,,Alburgh,municipality,,,,election_day,Alburgh Fire Hall,"36 Firehouse Road, Alburgh",,ORR,2020-11-01,,POINT (-73.3100329 44.9821284),POINT (-73.3005 44.97722),,POINT (-73.19865 41.27853),POINT (-73.3100329 44.9821284)
2020-11-03,VT,,Andover,municipality,,,,election_day,Andover Town Hall,"59 Town Hall Road, Chester",,ORR,2020-11-01,,POINT (-72.6991192 43.277551),POINT (-72.69884999999999 43.27696),,POINT (-72.69897 43.27704),POINT (-72.6991192 43.277551)
2020-11-03,VT,,Arlington,municipality,,,,election_day,American Legion Post #69,"54 Legion Road, Arlington",,ORR,2020-11-01,,POINT (-73.15464450000002 43.070147),POINT (-73.15455 43.07012),,POINT (-73.15456 43.07012),POINT (-73.15464450000002 43.070147)
2020-11-03,VT,,Ascutney,municipality,,,,election_day,Martin Memorial Hall,"5259 US Route 5, Ascutney",,ORR,2020-11-01,,POINT (-72.4069971 43.4081701),POINT (-72.40738 43.40707),,POINT (-72.40713 43.40814),POINT (-72.4069971 43.4081701)
2020-11-03,VT,,Athens,municipality,,,,election_day,Athens Town Office,"25 Brookline Road, Athens",,ORR,2020-11-01,,POINT (-72.56738299999999 43.12973),POINT (-72.56746 43.12988),,POINT (-72.56738 43.12973),POINT (-72.56738299999999 43.12973)
2020-11-03,VT,,Bakersfield,municipality,,,,election_day,Town Hall,"40 East Bakersfield Road, Bakersfield",,ORR,2020-11-01,,POINT (-72.80091829999999 44.7817759),POINT (-72.80089 44.78172),,POINT (-72.8009 44.78173),POINT (-72.80091829999999 44.7817759)
2020-11-03,VT,,Baltimore,municipality,,,,election_day,Baltimore Town Office,"1902 Baltimore Road, Chester",,ORR,2020-11-01,,POINT (-72.5713851 43.3616675),POINT (-72.57138 43.36167),,POINT (-72.57138 43.36167),POINT (-72.5713851 43.3616675)
2020-11-03,VT,,Barnard,municipality,,,,election_day,Town Hall,"115 North Road, Bethel",,ORR,2020-11-01,,POINT (-72.61842419999999 43.7302873),POINT (-72.6306 43.8208),,POINT (-72.61838 43.73018),POINT (-72.61842419999999 43.7302873)
2020-11-03,VT,,Barnet,municipality,,,,election_day,Fire & Rescue Station,"151 Bimson Drive, Barnet",,ORR,2020-11-01,,POINT (-72.05882740000001 44.2928446),POINT (-72.05886 44.29283),,POINT (-72.05882 44.29282),POINT (-72.05882740000001 44.2928446)
2020-11-03,VT,,Barre City,municipality,,,,election_day,Barre City Auditorium,"20 Auditorium Hill, Barre",,ORR,2020-11-01,,POINT (-72.50354899999999 44.20327),POINT (-72.50354 44.20327),,POINT (-72.50389 44.20319),POINT (-72.50354899999999 44.20327)
2020-11-03,VT,,Barre Town,municipality,,,,election_day,Barre Town Middle & Elementary School Gymnasium,"70 Websterville Road, Barre Town",,ORR,2020-11-01,,POINT (-72.4862131 44.16824709999999),POINT (-72.48778 44.16557),,POINT (-72.48559 44.16861),POINT (-72.4862131 44.16824709999999)
2020-11-03,VT,,Barton,municipality,,,,election_day,Town Office,"34 Main Street, Barton",,ORR,2020-11-01,,POINT (-72.17467289999999 44.7462952),POINT (-72.17469 44.74624),,POINT (-72.17469 44.74623),POINT (-72.17467289999999 44.7462952)
2020-11-03,VT,,Belvidere,municipality,,,,election_day,Belvidere Town Clerk,"3996 VT Route 109, Belvidere Center",,ORR,2020-11-01,,POINT (-72.692291 44.74979),POINT (-72.69253999999999 44.74969),,POINT (-72.69229 44.74979),POINT (-72.692291 44.74979)
2020-11-03,VT,,Bennington,municipality,,,,election_day,Bennington Fire House,"130 River Street, Bennington",,ORR,2020-11-01,,POINT (-73.19999869999999 42.8823785),POINT (-73.20026 42.88222),POINT (-73.19994699999999 42.882073),POINT (-73.19995 42.88239),POINT (-73.19999869999999 42.8823785)
2020-11-03,VT,,Benson,municipality,,,,election_day,Benson Community Hall,"2724 Stage Road, Benson",,ORR,2020-11-01,,POINT (-73.3097509 43.7083678),POINT (-73.30982 43.70834),,POINT (-73.30982 43.70834),POINT (-73.3097509 43.7083678)
2020-11-03,VT,,Berkshire,municipality,,,,election_day,Town of Berkshire,"4454 Water Tower Road, Enosburg Falls",,ORR,2020-11-01,,POINT (-72.774079 44.971746),POINT (-72.77410999999999 44.97162),,POINT (-72.77408 44.97174),POINT (-72.774079 44.971746)
2020-11-03,VT,,Berlin,municipality,,,,election_day,Berlin Municipal Office,"108 Shed Road, Berlin",,ORR,2020-11-01,,POINT (-72.5779039 44.2117405),POINT (-72.57796 44.21178),,POINT (-72.57792000000001 44.21175),POINT (-72.5779039 44.2117405)
2020-11-03,VT,,Bethel,municipality,,,,election_day,Bethel Fire Department,"587 Pleasant Street, Bethel",,ORR,2020-11-01,,POINT (-72.64634199999999 43.83589600000001),POINT (-72.6463 43.83605),,POINT (-72.64634 43.83589),POINT (-72.64634199999999 43.83589600000001)
2020-11-03,VT,,Bloomfield,municipality,,,,election_day,Old Schoolhouse,"27 Schoolhouse Road, Bloomfield",,ORR,2020-11-01,,POINT (-71.62864669999999 44.7545526),POINT (-71.62863 44.75453),,POINT (-71.62864 44.75453),POINT (-71.62864669999999 44.7545526)
2020-11-03,VT,,Bolton,municipality,,,,election_day,Smilie Memorial School,"2712 Theodore Roosevelt Highway, Bolton",,ORR,2020-11-01,,POINT (-72.87679919999999 44.37397989999999),POINT (-72.87911 44.37323),,POINT (-72.87685 44.37378),POINT (-72.87679919999999 44.37397989999999)
2020-11-03,VT,,Bradford,municipality,,,,election_day,Bradford Academy,"172 North Main Street, Bradford",,ORR,2020-11-01,,POINT (-72.12597819999999 43.9972578),POINT (-72.12618000000001 43.99728),,POINT (-72.12627000000001 43.99747),POINT (-72.12597819999999 43.9972578)
2020-11-03,VT,,Braintree,municipality,,,,election_day,Braintree Town Clerk's Office,"932 VT-12A, Braintree",,ORR,2020-11-01,,POINT (-72.689503 43.9315423),POINT (-72.68949000000001 43.93147),,POINT (-72.68949000000001 43.93148),POINT (-72.689503 43.9315423)
2020-11-03,VT,,Brandon,municipality,,,,election_day,Brandon American Legion Post 55,"550 Franklin Street, Brandon",,ORR,2020-11-01,,POINT (-73.0785867 43.79352189999999),POINT (-73.07850000000001 43.79346),,POINT (-73.07859999999999 43.79332),POINT (-73.0785867 43.79352189999999)
2020-11-03,VT,,Brattleboro,municipality,,,,election_day,American Legion,"32 Linden Street, Brattleboro",,ORR,2020-11-01,,POINT (-72.56119629999999 42.8561154),POINT (-72.56122000000001 42.85608),,POINT (-72.56122000000001 42.85607),POINT (-72.56119629999999 42.8561154)
2020-11-03,VT,,Bridgewater,municipality,,,,election_day,Town Office Parking Lot,"7335 US RT 4, Bridgewater",,ORR,2020-11-01,,POINT (-72.6244028 43.5881972),POINT (-72.62402 43.58777),,POINT (-72.62402 43.58771),POINT (-72.6244028 43.5881972)
2020-11-03,VT,,Bridport,municipality,,,,election_day,Bridport Masonic Hall,"52 Crown Point Road, Bridport",,ORR,2020-11-01,,POINT (-73.3145809 43.9851213),POINT (-73.31452 43.98509),,POINT (-73.31455 43.98501),POINT (-73.3145809 43.9851213)
2020-11-03,VT,,Brighton,municipality,,,,election_day,Town Hall,"49 Mill Street Ext., Brighton",,ORR,2020-11-01,,POINT (-71.8800188 44.8149725),POINT (-71.88037 44.81423),,POINT (-71.87992 44.81495),POINT (-71.8800188 44.8149725)
2020-11-03,VT,,Bristol,municipality,,,,election_day,Holley Hall,"1 South Street, Bristol",,ORR,2020-11-01,,POINT (-73.07895169999999 44.13298409999999),POINT (-73.07894 44.13298),,POINT (-73.07908999999999 44.13284),POINT (-73.07895169999999 44.13298409999999)
2020-11-03,VT,,Brookfield,municipality,,,,election_day,Brookfield Old Town Hall,"93 Stone Road, Brookfield",,ORR,2020-11-01,,POINT (-72.603195 44.043518),POINT (-72.60334 44.04357),,POINT (-72.6032 44.04352),POINT (-72.603195 44.043518)
2020-11-03,VT,,Brookline,municipality,,,,election_day,Brookline Town Offices,"734 Grassy Brook Road, Brookline",,ORR,2020-11-01,,POINT (-72.60381389999999 43.0217061),POINT (-72.60366 43.02175),,POINT (-72.60381 43.02164),POINT (-72.60381389999999 43.0217061)
2020-11-03,VT,,Brownington,municipality,,,,election_day,Brownington Central School,"622 Schoolhouse Road, Orleans",,ORR,2020-11-01,,POINT (-72.135358 44.81885399999999),POINT (-72.13491999999999 44.81961),,POINT (-72.13536000000001 44.81885),POINT (-72.135358 44.81885399999999)
2020-11-03,VT,,Brunswick,municipality,,,,election_day,Town of Brunswick,"994 VT-102, Brunswick",,ORR,2020-11-01,,POINT (-71.6333676 44.7363203),POINT (-71.63336 44.73601),,POINT (-71.63364 44.73618),POINT (-71.6333676 44.7363203)
2020-11-03,VT,,Burlington Ward 1,municipality,,,,election_day,Mater Christi School,"100 Mansfield Ave., Burlington",,ORR,2020-11-01,,POINT (-73.198071 44.482949),POINT (-73.19807 44.48296),,POINT (-73.19807 44.48295),POINT (-73.198071 44.482949)
2020-11-03,VT,,Burlington Ward 2,municipality,,,,election_day,HO Wheeler School,"6 Archibald Street, Burlington",,ORR,2020-11-01,,POINT (-73.21371929999999 44.4884991),POINT (-73.21401 44.48829),,POINT (-73.21386 44.48797),POINT (-73.21371929999999 44.4884991)
2020-11-03,VT,,Burlington Ward 3,municipality,,,,election_day,Lawrence Barnes School,"123 North Street, Burlington",,ORR,2020-11-01,,POINT (-73.21679700000001 44.4840778),POINT (-73.21687 44.48432),,POINT (-73.21687 44.48433),POINT (-73.21679700000001 44.4840778)
2020-11-03,VT,,Burlington Ward 4,municipality,,,,election_day,St. Marks Youth Center,"1271 North Avenue, Burlington",,ORR,2020-11-01,,POINT (-73.2499083 44.5096017),POINT (-73.24925 44.50965),,POINT (-73.24924 44.50964),POINT (-73.2499083 44.5096017)
2020-11-03,VT,,Burlington Ward 5,municipality,,,,election_day,Burlington Electric Department,"585 Pine Street, Burlington",,ORR,2020-11-01,,POINT (-73.215513 44.463748),POINT (-73.21550999999999 44.46376),,POINT (-73.21552 44.46375),POINT (-73.215513 44.463748)
2020-11-03,VT,,Burlington Ward 6,municipality,,,,election_day,Edmunds Middle School,"275 Main Street, Burlington",,ORR,2020-11-01,,POINT (-73.20808599999999 44.475468),POINT (-73.20828 44.47548),,POINT (-88.54640000000001 42.05191),POINT (-73.20808599999999 44.475468)
2020-11-03,VT,,Burlington Ward 7,municipality,,,,election_day,Robert Miller Community Center,"130 Gosse Street, Burlington",,ORR,2020-11-01,,POINT (-73.2466707 44.51345449999999),POINT (-73.24670999999999 44.51346),,POINT (-73.2467 44.51345),POINT (-73.2466707 44.51345449999999)
2020-11-03,VT,,Burlington Ward 8,municipality,,,,election_day,Fletcher Free Library,"235 College Street, Burlington",,ORR,2020-11-01,,POINT (-73.2100863 44.4768488),POINT (-73.2105 44.4769),,POINT (-73.21008999999999 44.4769),POINT (-73.2100863 44.4768488)
2020-11-03,VT,,Cabot,municipality,,,,election_day,Willey Building,"3084 Main Street, Cabot",,ORR,2020-11-01,,POINT (-72.3109499 44.4022054),POINT (-72.31129 44.40211),,POINT (-72.31100000000001 44.40211),POINT (-72.3109499 44.4022054)
2020-11-03,VT,,Calais,municipality,,,,election_day,Town Hall,"1662 Kent Hill Road, Calais",,ORR,2020-11-01,,POINT (-72.4690169 44.369793),POINT (-72.46901 44.36979),,POINT (-72.46902 44.36979),POINT (-72.4690169 44.369793)
2020-11-03,VT,,Cambridge,municipality,,,,election_day,Cambridge Elementary School,"186 School Road, Cambridge",,ORR,2020-11-01,,POINT (-72.82677149999999 44.6444743),POINT (-72.92325 44.67142),,POINT (-72.8271 44.64431),POINT (-72.82677149999999 44.6444743)
2020-11-03,VT,,Canaan,municipality,,,,election_day,Canaan Town Office,"318 Christian Hill, Canaan",,ORR,2020-11-01,,POINT (-71.53335899999999 44.998809),POINT (-71.53336 44.99882),,POINT (-71.53335 44.99881),POINT (-71.53335899999999 44.998809)
2020-11-03,VT,,Castleton,municipality,,,,election_day,Castleton Fire Station,"275 Route 30 North, Castleton",,ORR,2020-11-01,,POINT (-73.2080043 43.6126224),POINT (-73.20838999999999 43.61398),,POINT (-73.20765 43.61376),POINT (-73.2080043 43.6126224)
2020-11-03,VT,,Cavendish,municipality,,,,election_day,Proctorsville Fire Department,"513 Main Street, Proctorsville",,ORR,2020-11-01,,POINT (-72.63815529999999 43.38343750000001),POINT (-72.63802 43.38336),,POINT (-72.63818000000001 43.38344),POINT (-72.63815529999999 43.38343750000001)
2020-11-03,VT,,Charleston,municipality,,,,election_day,Charleston Town Clerk,"5063 VT-105, West Charleston",,ORR,2020-11-01,,POINT (-72.0255738 44.8507241),,,POINT (-72.02549999999999 44.85075),POINT (-72.0255738 44.8507241)
2020-11-03,VT,,Charlotte,municipality,,,,election_day,Town Offices,"159 Ferry Road, Charlotte",,ORR,2020-11-01,,POINT (-73.2496215 44.3103122),POINT (-73.25019 44.31083),,POINT (-73.24963 44.31017),POINT (-73.2496215 44.3103122)
2020-11-03,VT,,Chelsea,municipality,,,,election_day,Chelsea Town Hall,"296 VT-110, Chelsea",,ORR,2020-11-01,,POINT (-72.447322 43.9892268),POINT (-72.44752 43.98918),,POINT (-72.44739 43.98913),POINT (-72.447322 43.9892268)
2020-11-03,VT,,Chester,municipality,,,,election_day,"Chester Town Hall, Second Floor","556 Elm Street, Chester",,ORR,2020-11-01,,POINT (-72.58910519999999 43.2685058),POINT (-72.58923 43.26849),,POINT (-72.58922 43.26848),POINT (-72.58910519999999 43.2685058)
2020-11-03,VT,,Chittenden,municipality,,,,election_day,Chittenden Municipal Offices,"260 Chittenden Road, Chittenden",,ORR,2020-11-01,,POINT (-72.94919969999999 43.7058456),POINT (-72.94915 43.70591),,POINT (-72.94928 43.70575),POINT (-72.94919969999999 43.7058456)
2020-11-03,VT,,Clarendon,municipality,,,,election_day,Clarendon Town Hall,"279 Middle Road, North Clarendon",,ORR,2020-11-01,,POINT (-72.9715023 43.5181774),POINT (-72.97135 43.51753),,POINT (-72.97153 43.51824),POINT (-72.9715023 43.5181774)
2020-11-03,VT,,Colchester,municipality,,,,election_day,Colchester High School Gymnasium,"131 Laker Lane, Colchester",,ORR,2020-11-01,,POINT (-73.2141036 44.5393371),POINT (-73.27236000000001 44.54578),,POINT (-73.21348999999999 44.53977),POINT (-73.2141036 44.5393371)
2020-11-03,VT,,Concord,municipality,,,,election_day,Concord Town Hall,"456 Main Street, Concord",,ORR,2020-11-01,,POINT (-71.9150855 44.4415179),POINT (-71.88652999999999 44.42854),,POINT (-71.88654 44.42855),POINT (-71.88652999999999 44.42854)
2020-11-03,VT,,Corinth,municipality,,,,election_day,Town Hall,"1387 Cookeville Road, Corinth",,ORR,2020-11-01,,POINT (-72.29013329999999 44.023802),POINT (-72.28995 44.02381),,POINT (-72.28999 44.02373),POINT (-72.29013329999999 44.023802)
2020-11-03,VT,,Cornwall,municipality,,,,election_day,Town Hall,"2629 Route 30, Middlebury",,ORR,2020-11-01,,POINT (-73.2093644 43.9613273),POINT (-73.20947 43.96128),,POINT (-73.20947 43.96129),POINT (-73.2093644 43.9613273)
2020-11-03,VT,,Coventry,municipality,,,,election_day,Coventry Community Center,"168 Main Street, Coventry",,ORR,2020-11-01,,POINT (-72.264473 44.866705),POINT (-72.26447 44.86671),,POINT (-72.26447 44.8666),POINT (-72.264473 44.866705)
2020-11-03,VT,,Craftsbury,municipality,,,,election_day,Craftsbury Town Hall,"85 South Craftsbury Road, Craftsbury",,ORR,2020-11-01,,POINT (-72.3719686 44.635154),POINT (-72.37192 44.63515),,POINT (-72.37192 44.63514),POINT (-72.3719686 44.635154)
2020-11-03,VT,,Danby,municipality,,,,election_day,Municipal Office   ,"130 Brook Road, Danby",,ORR,2020-11-01,,POINT (-72.9990229 43.346607),POINT (-72.99902 43.3466),,POINT (-72.99902 43.34661),POINT (-72.9990229 43.346607)
2020-11-03,VT,,Danville,municipality,,,,election_day,Danville School,"36 US Route 2 West, Danville",,ORR,2020-11-01,,POINT (-72.140878 44.411739),POINT (-72.14087000000001 44.41173),,POINT (-72.14088 44.41174),POINT (-72.140878 44.411739)
2020-11-03,VT,,Derby  ,municipality,,,,election_day,Derby Municipal Office,"124 Main Street, Derby Line",,ORR,2020-11-01,,POINT (-72.10095269999999 45.0042876),POINT (-72.10074 45.00414),,POINT (-72.13178000000001 44.95255),POINT (-72.10095269999999 45.0042876)
2020-11-03,VT,,Dorset,municipality,,,,election_day,Dorset Town Offices,"112 Mad Tom Road, East Dorset",,ORR,2020-11-01,,POINT (-73.0079192 43.2392416),POINT (-73.00794 43.23923),,POINT (-73.00809 43.23936),POINT (-73.0079192 43.2392416)
2020-11-03,VT,,Dummerston,municipality,,,,election_day,Dummerston Town Clerk,"1535 Middle Road, Dummerston",,ORR,2020-11-01,,POINT (-72.57200899999999 42.9366318),POINT (-72.57203 42.93662),,POINT (-72.57199 42.93666),POINT (-72.57200899999999 42.9366318)
2020-11-03,VT,,Duxbury,municipality,,,,election_day,Town Offices,5421 VT Route 100,,ORR,2020-11-01,,POINT (-72.75990969999999 44.3195985),POINT (-72.75996000000001 44.32),,POINT (-72.76006 44.31995),POINT (-72.75990969999999 44.3195985)
2020-11-03,VT,,East Dover,municipality,,,,election_day,Town Hall,"189 Taft Brook Road, East Dover",,ORR,2020-11-01,,POINT (-72.80222499999999 42.944017),POINT (-72.80155999999999 42.94343),,POINT (-72.80222000000001 42.94401),POINT (-72.80222499999999 42.944017)
2020-11-03,VT,,East Haven,municipality,,,,election_day,Community Building,"64 Community Building Road, East Haven",,ORR,2020-11-01,,POINT (-71.89175399999999 44.639919),POINT (-71.89175 44.63991),,POINT (-71.89175 44.63992),POINT (-71.89175399999999 44.639919)
2020-11-03,VT,,East Montpelier,municipality,,,,election_day,East Montpelier Elementary School,"665 Vincent Flats Road, East Montpelier",,ORR,2020-11-01,,POINT (-72.49575039999999 44.2865991),POINT (-72.49529 44.28688),,POINT (-72.49497 44.28682),POINT (-72.49575039999999 44.2865991)
2020-11-03,VT,,Eden,municipality,,,,election_day,Town Clerk Office,"71 Old Schoolhouse Road, Eden",,ORR,2020-11-01,,POINT (-72.53807089999999 44.7107993),POINT (-72.538 44.71078),,POINT (-72.53807 44.7108),POINT (-72.53807089999999 44.7107993)
2020-11-03,VT,,Elmore,municipality,,,,election_day,Elmore Town Clerk,"1175 VT-12, Wolcott",,ORR,2020-11-01,,POINT (-72.52336830000002 44.5410848),POINT (-72.52332 44.54103),,POINT (-72.52332 44.54103),POINT (-72.52336830000002 44.5410848)
2020-11-03,VT,,Enosburgh Falls,municipality,,,,election_day,Enosburgh Emergency Services,"83 Sampsonville Road, Enosburgh Falls",,ORR,2020-11-01,,POINT (-72.79567999999999 44.914897),POINT (-72.79568 44.91491),,POINT (-72.79568 44.9149),POINT (-72.79567999999999 44.914897)
2020-11-03,VT,,Essex-Chit 8-1 and 8-3,municipality,,,,election_day,Essex Middle School,"60 Founders Road, Essex Junction",,ORR,2020-11-01,,POINT (-73.05813119999999 44.4991329),POINT (-73.05443 44.50018),,POINT (-73.05842 44.49916),POINT (-73.05813119999999 44.4991329)
2020-11-03,VT,,Essex-Chit 8-2,municipality,,,,election_day,Essex High School,"2 Educational Drive, Essex Junction",,ORR,2020-11-01,,POINT (-73.1100593 44.4982873),POINT (-73.11152 44.49746),,POINT (-73.10849 44.49725),POINT (-73.1100593 44.4982873)
2020-11-03,VT,,Fair Haven,municipality,,,,election_day,American Legion Post #49,"72 South Main St., Fair Haven",,ORR,2020-11-01,,POINT (-73.2642348 43.5825403),POINT (-73.26443 43.5806),,POINT (-73.26429 43.58255),POINT (-73.2642348 43.5825403)
2020-11-03,VT,,Fairfax,municipality,,,,election_day,Fairfax Town Office,12 Buck Hollow Road,,ORR,2020-11-01,,POINT (-73.0183997 44.6743848),POINT (-73.01819 44.67431),,POINT (-73.01837 44.67439),POINT (-73.0183997 44.6743848)
2020-11-03,VT,,Fairfield,municipality,,,,election_day,Fairfield Municipal Building (Basement),"25 North Road, Fairfield",,ORR,2020-11-01,,POINT (-72.94471589999999 44.8018984),POINT (-72.94471 44.8019),,POINT (-72.94471 44.8019),POINT (-72.94471589999999 44.8018984)
2020-11-03,VT,,Fairlee,municipality,,,,election_day,Fairlee Town Hall,"75 Town Common Road, Fairlee",,ORR,2020-11-01,,POINT (-72.1423228 43.9083852),POINT (-72.14230000000001 43.90836),,POINT (-72.14230000000001 43.90835),POINT (-72.1423228 43.9083852)
2020-11-03,VT,,Fayston,municipality,,,,election_day,Fayston Municipal Building,"866 North Fayston Road, Moretown",,ORR,2020-11-01,,POINT (-72.7998908 44.2320904),POINT (-72.79994000000001 44.23209),,POINT (-72.79993 44.23208),POINT (-72.7998908 44.2320904)
2020-11-03,VT,,Ferrisburg,municipality,,,,election_day,Town Hall and Community Center,"3279 Route 7, Ferrisburg",,ORR,2020-11-01,,POINT (-73.24569369999999 44.2078466),POINT (-73.2457 44.20781),,POINT (-73.2457 44.20781),POINT (-73.24569369999999 44.2078466)
2020-11-03,VT,,Fletcher,municipality,,,,election_day,Fletcher Town Offices,"33 Shaw Road, Cambridge",,ORR,2020-11-01,,POINT (-72.923264 44.6752658),POINT (-72.9234 44.67535),,POINT (140.50274 -34.25365),POINT (-72.923264 44.6752658)
2020-11-03,VT,,Franklin,municipality,,,,election_day,Franklin Town Hall,"5336 Main Street, Franklin",,ORR,2020-11-01,,POINT (-72.91660349999999 44.9839831),POINT (-72.91651 44.98393),POINT (-72.91677300000001 44.983864),POINT (-72.91651 44.98393),POINT (-72.91660349999999 44.9839831)
2020-11-03,VT,,Georgia,municipality,,,,election_day,Georgia School,"4416 Ethan Allen Highway, Georgia",,ORR,2020-11-01,,POINT (-73.1146607 44.7353661),POINT (-73.11425 44.73535),,POINT (-73.11423000000001 44.73514),POINT (-73.1146607 44.7353661)
2020-11-03,VT,,Glover,municipality,,,,election_day,Glover Town Hall,"51 Bean Hill, Glover",,ORR,2020-11-01,,POINT (-72.1880848 44.7070295),POINT (-72.18804 44.70701),,POINT (-72.18804 44.70702),POINT (-72.1880848 44.7070295)
2020-11-03,VT,,Goshen,municipality,,,,election_day,Goshen Town Hall,"50 Carlisle Hill Road, Goshen",,ORR,2020-11-01,,POINT (-73.0225492 43.8496938),POINT (-73.02252 43.84968),,POINT (-73.02252 43.84968),POINT (-73.0225492 43.8496938)
2020-11-03,VT,,Grafton,municipality,,,,election_day,The Grafton Brick Meeting House,"2 Main Street, Grafton",,ORR,2020-11-01,,POINT (-72.610979 43.1732749),POINT (-72.61096999999999 43.17327),,POINT (-72.61089 43.17328),POINT (-72.610979 43.1732749)
2020-11-03,VT,,Grand Isle,municipality,,,,election_day,Grand Isle Town Municipal Building,"9 Hyde Road, Grand Isle",,ORR,2020-11-01,,POINT (-73.295247 44.72213199999999),POINT (-73.29524000000001 44.72213),POINT (-73.295361 44.722339),POINT (-73.29532 44.72212),POINT (-73.295247 44.72213199999999)
2020-11-03,VT,,Granville,municipality,,,,election_day,Town Hall,"4157 VT Route 100, Granville",,ORR,2020-11-01,,POINT (-72.84327809999999 43.9681849),POINT (-72.84307 43.96826),,POINT (-72.84322 43.9682),POINT (-72.84327809999999 43.9681849)
2020-11-03,VT,,Granby,municipality,,,,election_day,Granby Town Hall,"9005 Granby Road, North Concord",,ORR,2020-11-01,,POINT (-71.7583187 44.5699745),POINT (-71.75830000000001 44.56992),,POINT (-71.75830000000001 44.56993),POINT (-71.7583187 44.5699745)
2020-11-03,VT,,Greensboro,municipality,,,,election_day,Town Clerk,"82 Craftsbury Rd., Greensboro",,ORR,2020-11-01,,POINT (-72.2958955 44.5794206),POINT (-72.29575 44.57945),,POINT (-72.36864 44.71471),POINT (-72.2958955 44.5794206)
2020-11-03,VT,,Groton,municipality,,,,election_day,Groton Community Building Gym,"1476 Scott Highway, Groton",,ORR,2020-11-01,,POINT (-72.1973407 44.2115517),POINT (-72.19739 44.21152),,POINT (-72.1974 44.21152),POINT (-72.1973407 44.2115517)
2020-11-03,VT,,Guildford,municipality,,,,election_day,Broad Brook Community Center,"3940 Guilford Center Road, Brattleboro",,ORR,2020-11-01,,POINT (-72.62453499999999 42.79366599999999),POINT (-72.62452999999999 42.79371),,POINT (-72.62452999999999 42.79367),POINT (-72.62453499999999 42.79366599999999)
2020-11-03,VT,,Guildhall,municipality,,,,election_day,The Guild Hall   (Town Hall),"13 Courthouse Drive, Guildhall",,ORR,2020-11-01,,POINT (-71.56205 44.5650017),POINT (-71.56206 44.56502),,POINT (-71.56206 44.56502),POINT (-71.56205 44.5650017)
2020-11-03,VT,,Halifax,municipality,,,,election_day,Halifax Community Hall,"20 Brook Road, Halifax",,ORR,2020-11-01,,POINT (-72.7706822 42.7875351),POINT (-72.77061999999999 42.78758),,POINT (-72.77052999999999 42.78739),POINT (-72.7706822 42.7875351)
2020-11-03,VT,,Hancock,municipality,,,,election_day,Hancock Town Hall,"1027 VT Route 100, Hancock",,ORR,2020-11-01,,POINT (-72.84038889999999 43.9236888),POINT (-72.84031 43.92371),,POINT (-72.84047 43.92369),POINT (-72.84038889999999 43.9236888)
2020-11-03,VT,,Hardwick,municipality,,,,election_day,Hardwick Fire Station,"333 Wolcott Street, Hardwick",,ORR,2020-11-01,,POINT (-72.371869 44.507867),POINT (-72.37187 44.50788),,POINT (-72.37163 44.50796),POINT (-72.371869 44.507867)
2020-11-03,VT,,Hartford,municipality,,,,election_day,Hartford High School,"37 Highland Avenue, White River Junction",,ORR,2020-11-01,,POINT (-72.3205538 43.6570391),POINT (-72.31761 43.65583),,POINT (-72.31886 43.65775),POINT (-72.3205538 43.6570391)
2020-11-03,VT,,Hartland,municipality,,,,election_day,Damon Hall,"1 Quechee Road, Hartland",,ORR,2020-11-01,,POINT (-72.3997148 43.5414563),POINT (-72.39967 43.54146),,POINT (-72.39936 43.54137),POINT (-72.3997148 43.5414563)
2020-11-03,VT,,Highgate,municipality,,,,election_day,Highgate Sports Arena,"243 Gore Road, Highgate Center",,ORR,2020-11-01,,POINT (-73.0424841 44.94238199999999),POINT (-73.04248 44.94238),,POINT (-73.04249 44.94238),POINT (-73.0424841 44.94238199999999)
2020-11-03,VT,,Hinesburg,municipality,,,,election_day,Hinesburg Town Hall,"10632 Route 116, Hinesburg",,ORR,2020-11-01,,POINT (-73.11075839999999 44.3292709),POINT (-73.11054 44.32932),,POINT (-73.11055 44.32932),POINT (-73.11075839999999 44.3292709)
2020-11-03,VT,,Holland,municipality,,,,election_day,Holland Elementary School,"26 School Road, Holland",,ORR,2020-11-01,,POINT (-72.01287839999999 44.9732208),POINT (-72.01233000000001 44.97364),,POINT (-72.01297 44.9731),POINT (-72.01287839999999 44.9732208)
2020-11-03,VT,,Hubbardton,municipality,,,,election_day,Town Hall,"1831 Monument Hill Road, Castleton",,ORR,2020-11-01,,POINT (-73.15872399999999 43.7175313),POINT (-73.1587 43.7175),,POINT (-73.1587 43.71749),POINT (-73.15872399999999 43.7175313)
2020-11-03,VT,,Huntington,municipality,,,,election_day,Brewster-Pierce School,"120 School Street, Huntington",,ORR,2020-11-01,,POINT (-72.96342509999999 44.2958697),POINT (-72.96361 44.29578),,POINT (-72.96362000000001 44.29578),POINT (-72.96342509999999 44.2958697)
2020-11-03,VT,,Hyde Park,municipality,,,,election_day,Hyde Park Municipal Building (Lower Level),"344 VT-15, Hyde Park",,ORR,2020-11-01,,POINT (-72.6225906 44.5985446),POINT (-72.62258 44.5986),,POINT (-72.62258 44.59859),POINT (-72.6225906 44.5985446)
2020-11-03,VT,,Ira ,municipality,,,,election_day,Ira Town Office,"53 West Road, West Rutland",,ORR,2020-11-01,,POINT (-73.06330779999999 43.5345118),POINT (-73.06331 43.53451),,POINT (-73.06402 43.53431),POINT (-73.06330779999999 43.5345118)
2020-11-03,VT,,Irasburg,municipality,,,,election_day,Irasburg Town Hall,"118 Park Avenue, Irasburg",,ORR,2020-11-01,,POINT (-72.2782508 44.802581),POINT (-72.27818000000001 44.8026),,POINT (-72.2783 44.80252),POINT (-72.2782508 44.802581)
2020-11-03,VT,,Isle La Motte,municipality,,,,election_day,Town Hall Gym,42 School Street Ext.,,ORR,2020-11-01,,POINT (-73.345398 44.88242),POINT (-73.33953 44.8775),,POINT (-73.34520000000001 44.88247),POINT (-73.345398 44.88242)
2020-11-03,VT,,Jamaica,municipality,,,,election_day,Town Hall,"3735 Vermont Route 30, Jamaica",,ORR,2020-11-01,,POINT (-72.777974 43.099883),,,POINT (-72.77791000000001 43.09971),POINT (-72.777974 43.099883)
2020-11-03,VT,,Jay,municipality,,,,election_day,Jay Municipal Building,"1036 VT Route 242, Jay",,ORR,2020-11-01,,POINT (-72.43856409999999 44.9484225),POINT (-72.43846000000001 44.94831),,POINT (-72.43847 44.94832),POINT (-72.43856409999999 44.9484225)
2020-11-03,VT,,Jericho,municipality,,,,election_day,Mount Mansfield Union High School,"211 Brown's Trace, Jericho",,ORR,2020-11-01,,POINT (-72.962048 44.486184),POINT (-72.96204 44.48618),,POINT (-72.96205 44.48618),POINT (-72.962048 44.486184)
2020-11-03,VT,,Johnson,municipality,,,,election_day,Johnson Municipal Building,"293 Lower Main West, Johnson",,ORR,2020-11-01,,POINT (-72.68460569999999 44.636243),POINT (-72.6846 44.6363),,POINT (-72.68485 44.63623),POINT (-72.68460569999999 44.636243)
2020-11-03,VT,,Killington,municipality,,,,election_day,Killington Town Office,"2706 River Road, Killington",,ORR,2020-11-01,,POINT (-72.77969569999999 43.6750845),POINT (-72.77970000000001 43.67511),,POINT (-72.77970000000001 43.6751),POINT (-72.77969569999999 43.6750845)
2020-11-03,VT,,Kirby,municipality,,,,election_day,Kirby Town Hall,"346 Town Hall Road, Lyndonville",,ORR,2020-11-01,,POINT (-71.9380833 44.5222438),POINT (-71.93872 44.52225),,POINT (-71.93859999999999 44.52226),POINT (-71.9380833 44.5222438)
2020-11-03,VT,,Landgrove,municipality,,,,election_day,Landgrove Town Hall,"88 Landgrove Road, Londonderry",,ORR,2020-11-01,,POINT (-72.822683 43.2317443),POINT (-72.85733999999999 43.26629),,POINT (-72.85735 43.2663),POINT (-72.85733999999999 43.26629)
2020-11-03,VT,,Leicester,municipality,,,,election_day,Town Office,"44 School House Road, Leicester",,ORR,2020-11-01,,POINT (-73.1088812 43.8663695),POINT (-73.10883 43.86629),,POINT (-73.10883 43.8663),POINT (-73.1088812 43.8663695)
2020-11-03,VT,,Lemington,municipality,,,,election_day,Lemington Town Office,"2549 River Road, Guildhall",,ORR,2020-11-01,,POINT (-71.5520836 44.85865769999999),POINT (-71.62935 44.63793),,POINT (-71.55216 44.85867),POINT (-71.5520836 44.85865769999999)
2020-11-03,VT,,Lincoln,municipality,,,,election_day,Lincoln Town Office,"62 Quaker Street, Lincoln",,ORR,2020-11-01,,POINT (-72.996719 44.106705),POINT (-72.99670999999999 44.1067),,POINT (-72.99672 44.1067),POINT (-72.996719 44.106705)
2020-11-03,VT,,Londonderry,municipality,,,,election_day,Town Office/Twitchell Building,"100 Old School Street, Londonderry",,ORR,2020-11-01,,POINT (-72.81057 43.190544),POINT (-72.81056 43.19054),,POINT (-72.81057 43.19054),POINT (-72.81057 43.190544)
2020-11-03,VT,,Lowell,municipality,,,,election_day,Town Office,"2170 Vermont Route 100, Lowell",,ORR,2020-11-01,,POINT (-72.448179 44.806247),POINT (-72.44811 44.80626),,POINT (-72.44817999999999 44.80625),POINT (-72.448179 44.806247)
2020-11-03,VT,,Ludlow,municipality,,,,election_day,Town Hall,"37 Depot Street, Ludlow",,ORR,2020-11-01,,POINT (-72.70118649999999 43.3957107),POINT (-72.70119 43.3957),,POINT (-72.70124 43.39568),POINT (-72.70118649999999 43.3957107)
2020-11-03,VT,,Lunenburg,municipality,,,,election_day,Lunenburg School,"49 Bobbin Mill Road, Lunenburg",,ORR,2020-11-01,,POINT (-71.6833149 44.464664),POINT (-71.68331000000001 44.46466),,POINT (-71.68331999999999 44.46466),POINT (-71.6833149 44.464664)
2020-11-03,VT,,Lyndon,municipality,,,,election_day,Municipal Office Building Gymnasium,119 Park Avenue,,ORR,2020-11-01,,POINT (-72.0068697 44.5361065),POINT (-72.98607 43.61388),,POINT (-72.00686 44.53611),POINT (-72.0068697 44.5361065)
2020-11-03,VT,,Maidstone,municipality,,,,election_day,Maidstone Town Hall,"508 VT Route 102, Guildhall",,ORR,2020-11-01,,POINT (-71.5938336 44.50330340000001),POINT (-71.63106999999999 44.74308),,POINT (-71.55472 44.57767),POINT (-71.5938336 44.50330340000001)
2020-11-03,VT,,Manchester,municipality,,,,election_day,Manchester Town Hall,"40 Jeff Williams Way, Manchester Center",,ORR,2020-11-01,,POINT (-73.0438364 43.1888565),POINT (-73.07453 43.16493),,POINT (0.17009 51.43471),POINT (-73.0438364 43.1888565)
2020-11-03,VT,,Marlboro,municipality,,,,election_day,Marlboro Town House,"13 Town Hill Road, Brattleboro",,ORR,2020-11-01,,POINT (-72.72613389999999 42.8598078),POINT (-72.72619 42.8598),,POINT (-72.72620000000001 42.85981),POINT (-72.72613389999999 42.8598078)
2020-11-03,VT,,Marshfield,municipality,,,,election_day,Old Schoolhouse Common,"122 School Street, Marshfield",,ORR,2020-11-01,,POINT (-72.355082 44.349356),POINT (-72.35406 44.34956),,POINT (-72.35486 44.3495),POINT (-72.355082 44.349356)
2020-11-03,VT,,Mendon,municipality,,,,election_day,Mendon Town Garage,"157 Park Lane, Mendon",,ORR,2020-11-01,,POINT (-72.936076 43.6459202),POINT (-72.93244 43.6459),,POINT (-72.93210000000001 43.64479),POINT (-72.936076 43.6459202)
2020-11-03,VT,,Middlebury,municipality,,,,election_day,Middlebury Recreation Center,"154 Creek Road, Middlebury",,ORR,2020-11-01,,POINT (-73.1607344 44.0030381),POINT (-73.16063 44.00309),,POINT (-73.1605 44.00293),POINT (-73.1607344 44.0030381)
2020-11-03,VT,,Middlesex,municipality,,,,election_day,Middlesex Town Clerk,"5 Church Street, Middlesex",,ORR,2020-11-01,,POINT (-72.679512 44.292568),POINT (-72.67950999999999 44.29258),,POINT (-0.32607 51.44711),POINT (-72.679512 44.292568)
2020-11-03,VT,,Middletown Springs,municipality,,,,election_day,Historical Society Building,"4 Park Avenue, Middletown Springs",,ORR,2020-11-01,,POINT (-73.1172112 43.4857968),POINT (-73.11721 43.48576),,POINT (-73.11722 43.48577),POINT (-73.1172112 43.4857968)
2020-11-03,VT,,Milton,municipality,,,,election_day,Milton Municipal Office Building (Chittenden 10),"43 Bombardier Road, Milton",,ORR,2020-11-01,,POINT (-73.1239631 44.619045),POINT (-73.12396 44.61905),,POINT (-73.12396 44.61904),POINT (-73.1239631 44.619045)
2020-11-03,VT,,Milton,municipality,,,,election_day,Field House (Grand Isle/Chittenden),Park Place,,ORR,2020-11-01,,POINT (-73.12504029999999 44.6182136),,,,POINT (-73.12504029999999 44.6182136)
2020-11-03,VT,,Monkton,municipality,,,,election_day,Fire Station,"3747 States Prison Hollow Rd, Monkton",,ORR,2020-11-01,,POINT (-73.1115255 44.2554357),POINT (-73.1116 44.25551),,POINT (-73.1116 44.25552),POINT (-73.1115255 44.2554357)
2020-11-03,VT,,Montgomery,municipality,,,,election_day,Town Hall (Grange),"57 Main Street, Montgomery Ctr",,ORR,2020-11-01,,POINT (-72.608806 44.8776607),POINT (-72.60890999999999 44.87761),,POINT (-72.60894 44.87777),POINT (-72.608806 44.8776607)
2020-11-03,VT,,Montpelier,municipality,,,,election_day,City Hall,"39 Main Street, Montpelier",,ORR,2020-11-01,,POINT (-72.57553899999999 44.259238),POINT (-72.57552 44.25918),,POINT (-72.57554 44.25924),POINT (-72.57553899999999 44.259238)
2020-11-03,VT,,Moretown,municipality,,,,election_day,Town Hall,"940 VT-100B, Moretown",,ORR,2020-11-01,,POINT (-72.76300379999999 44.2477777),POINT (-72.76322999999999 44.24777),,POINT (-72.76306 44.24781),POINT (-72.76300379999999 44.2477777)
2020-11-03,VT,,Morgan,municipality,,,,election_day,Town Clerk's Office,"41 Meade Hill Road, Morgan",,ORR,2020-11-01,,POINT (-72.0146613 44.91399819999999),POINT (-72.0147 44.91405),,POINT (-72.01461999999999 44.91399),POINT (-72.0146613 44.91399819999999)
2020-11-03,VT,,Morristown,municipality,,,,election_day,Morrisville VFW,28 VFW Street,,ORR,2020-11-01,,POINT (-72.63945860000001 44.6034306),POINT (-72.62444000000001 44.53091),,POINT (-72.59475999999999 44.56129),POINT (-72.63945860000001 44.6034306)
2020-11-03,VT,,Mount Holly,municipality,,,,election_day,Mount Holly Town Office,"50 School Street, Pawlet",,ORR,2020-11-01,,POINT (-73.17790699999999 43.3461142),POINT (-73.17792 43.34612),,POINT (-73.17792 43.34612),POINT (-73.17790699999999 43.3461142)
2020-11-03,VT,,Mount Tabor,municipality,,,,election_day,Town Office,"522 Brooklyn Road, Mount Tabor",,ORR,2020-11-01,,POINT (-72.9780439 43.35115529999999),POINT (-72.98326 43.35025),,POINT (-72.98327 43.35025),POINT (-72.9780439 43.35115529999999)
2020-11-03,VT,,New Haven,municipality,,,,election_day,Town Hall,"70 North Street, New Haven",,ORR,2020-11-01,,POINT (-73.1532141 44.1255663),POINT (-73.15343 44.12583),,POINT (-73.15343 44.12583),POINT (-73.1532141 44.1255663)
2020-11-03,VT,,Newark,municipality,,,,election_day,Newark Town Clerk,"1336 Newark Street, Newark",,ORR,2020-11-01,,POINT (-71.951347 44.687935),POINT (-71.95134 44.68793),,POINT (-71.95135000000001 44.68793),POINT (-71.951347 44.687935)
2020-11-03,VT,,Newbury,municipality,,,,election_day,Newbury Elementary School ,"214 Pulaski Street, Newbury",,ORR,2020-11-01,,POINT (-72.06023619999999 44.0794469),POINT (-72.06014999999999 44.07903),,POINT (-72.06014999999999 44.07903),POINT (-72.06023619999999 44.0794469)
2020-11-03,VT,,Newfane,municipality,,,,election_day,Newbrook Fire Station,"698 VT Route 30, Newfane",,ORR,2020-11-01,,POINT (-72.650232 42.992932),POINT (-72.65022999999999 42.99294),,POINT (-72.65025 42.99299),POINT (-72.650232 42.992932)
2020-11-03,VT,,Newport City,municipality,,,,election_day,Newport Municipal Building,"222 Main Street, Newport",,ORR,2020-11-01,,POINT (-72.21074899999999 44.935585),POINT (-72.21082 44.93557),,POINT (-72.21075 44.93559),POINT (-72.21074899999999 44.935585)
2020-11-03,VT,,Newport Town,municipality,,,,election_day,Town Clerk Office,"102 Vance Hill Road, Newport Center",,ORR,2020-11-01,,POINT (-72.3046652 44.9513341),POINT (-72.30468 44.95143),,POINT (-72.30468999999999 44.95143),POINT (-72.3046652 44.9513341)
2020-11-03,VT,,North Hero,municipality,,,,election_day,Town Office Meeting Room,"6441 US Route 2, North Hero",,ORR,2020-11-01,,POINT (-73.2633819 44.8506814),,,POINT (-73.26339 44.85087),POINT (-73.2633819 44.8506814)
2020-11-03,VT,,Northfield,municipality,,,,election_day,Northfield High School,"37 Cross Street, Northfield",,ORR,2020-11-01,,POINT (-72.66058 44.1535559),POINT (-72.66109 44.15372),,POINT (-72.66070999999999 44.15377),POINT (-72.66058 44.1535559)
2020-11-03,VT,,Norton,municipality,,,,election_day,Norton Town Hall,"12 VT Route 114 E, Norton",,ORR,2020-11-01,,POINT (-71.7951355 45.0089364),POINT (-71.79510999999999 45.00894),,POINT (-71.79521 45.00898),POINT (-71.7951355 45.0089364)
2020-11-03,VT,,Norwich,municipality,,,,election_day,Tracy Hall Gym,"300 Main Street, Norwich",,ORR,2020-11-01,,POINT (-72.30792149999999 43.7139021),POINT (-72.30792 43.71396),,POINT (-72.07246000000001 41.52457),POINT (-72.30792149999999 43.7139021)
2020-11-03,VT,,Orange,municipality,,,,election_day,Town Hall,"392 US Route 302, Orange",,ORR,2020-11-01,,POINT (-72.40122389999999 44.148013),POINT (-72.3998 44.14806),POINT (-72.297832 44.183587),POINT (-72.40122 44.14804),POINT (-72.40122389999999 44.148013)
2020-11-03,VT,,Orwell,municipality,,,,election_day,Orwell Town Hall,"480 Main Street, Orwell",,ORR,2020-11-01,,POINT (-73.29973819999999 43.8042921),POINT (-73.29971 43.80427),,POINT (-73.29971 43.80428),POINT (-73.29973819999999 43.8042921)
2020-11-03,VT,,Panton,municipality,,,,election_day,Town Garage,"2167 Panton Road, Panton",,ORR,2020-11-01,,POINT (-73.2996576 44.1542238),POINT (-73.29967000000001 44.15401),,POINT (-73.29967000000001 44.154),POINT (-73.2996576 44.1542238)
2020-11-03,VT,,Pawlet,municipality,,,,election_day,Town Hall,"122 School Street, Pawlet",,ORR,2020-11-01,,POINT (-73.17888979999999 43.34566090000001),POINT (-73.17892999999999 43.3456),,POINT (-73.17892999999999 43.3456),POINT (-73.17888979999999 43.34566090000001)
2020-11-03,VT,,Peacham,municipality,,,,election_day,Peacham Town Office,"79 Church Street, Peacham",,ORR,2020-11-01,,POINT (-72.17106559999999 44.3275953),POINT (-72.17089 44.32759),,POINT (-72.17106 44.32764),POINT (-72.17106559999999 44.3275953)
2020-11-03,VT,,Peru,municipality,,,,election_day,Peru Town Center,"402 Main Street, Peru",,ORR,2020-11-01,,POINT (-72.9009758 43.2295653),POINT (-72.90096 43.22956),,POINT (-72.90096 43.22955),POINT (-72.9009758 43.2295653)
2020-11-03,VT,,Pittsfield,municipality,,,,election_day,Pittsfield Town Office Building,"40 Village Green, Pittsfield",,ORR,2020-11-01,,POINT (-72.812383 43.7706423),POINT (-72.81238 43.7706),,POINT (-72.81245 43.77064),POINT (-72.812383 43.7706423)
2020-11-03,VT,,Pittsford,municipality,,,,election_day,Pittsford Fire Department,"150 Pleasant Street, Pittsford",,ORR,2020-11-01,,POINT (-73.0204524 43.70460749999999),POINT (-73.02027 43.70489),,POINT (-73.02028 43.7049),POINT (-73.0204524 43.70460749999999)
2020-11-03,VT,,Plainfield,municipality,,,,election_day,Plainfield Town Hall Opera House,"18 High Street, Plainfield",,ORR,2020-11-01,,POINT (-72.42615669999999 44.2783013),POINT (-72.42612 44.27832),,POINT (-72.42608 44.27816),POINT (-72.42615669999999 44.2783013)
2020-11-03,VT,,Plymouth,municipality,,,,election_day,Town Hall,"68 Town Office Road, Plymouth",,ORR,2020-11-01,,POINT (-72.74292 43.5341949),POINT (-72.74292 43.53419),,POINT (-72.74292 43.53419),POINT (-72.74292 43.5341949)
2020-11-03,VT,,Pomfret,municipality,,,,election_day,Pomfret Town Offices,"5218 Pomfret Road, North Pomfret",,ORR,2020-11-01,,POINT (-72.51471699999999 43.705443),POINT (-72.51472 43.70545),,POINT (-72.51472 43.70528),POINT (-72.51471699999999 43.705443)
2020-11-03,VT,,Poultney,municipality,,,,election_day,Poultney Fire House,"55 Fire House Lane, Poultney",,ORR,2020-11-01,,POINT (-73.1177709 43.486443),POINT (-73.23307 43.52075),,POINT (-72.40324 43.41436),POINT (-73.1177709 43.486443)
2020-11-03,VT,,Pownal,municipality,,,,election_day,Pownal Center Fire House,"2872 North Pownal Road, Pownal",,ORR,2020-11-01,,POINT (-73.2227218 42.7954498),POINT (-73.22278 42.79551),,POINT (-73.22272 42.79544),POINT (-73.2227218 42.7954498)
2020-11-03,VT,,Proctor,municipality,,,,election_day,Proctor Jr./Sr. High School,"4 Park Street, Proctor",,ORR,2020-11-01,,POINT (-73.0291821 43.6549352),POINT (-73.02921000000001 43.655),,POINT (-73.02921000000001 43.655),POINT (-73.0291821 43.6549352)
2020-11-03,VT,,Putney,municipality,,,,election_day,Putney Fire Station,"21 Carl Snyder Drive, Brattleboro",,ORR,2020-11-01,,POINT (-72.52305319999999 42.96644310000001),POINT (-72.52306 42.96644),,POINT (-71.18532999999999 41.65514),POINT (-72.52305319999999 42.96644310000001)
2020-11-03,VT,,Randolph,municipality,,,,election_day,Randolph Town Hall,"7 Summer Street, Randolph",,ORR,2020-11-01,,POINT (-72.6666286 43.9236764),POINT (-72.66652999999999 43.92369),,POINT (-72.6665 43.92377),POINT (-72.6666286 43.9236764)
2020-11-03,VT,,Reading,municipality,,,,election_day,Robinson Hall,"799 VT Route 106, Reading",,ORR,2020-11-01,,POINT (-72.5374436 43.4556306),POINT (-72.53729 43.45558),,POINT (-72.53729 43.45559),POINT (-72.5374436 43.4556306)
2020-11-03,VT,,Readsboro,municipality,,,,election_day,Readsboro Central School,"301 Phelps Lane, Readsboro",,ORR,2020-11-01,,POINT (-72.9405555 42.771906),POINT (-72.94058 42.77179),,POINT (-72.94056999999999 42.77178),POINT (-72.9405555 42.771906)
2020-11-03,VT,,Richford,municipality,,,,election_day,Richford Town Hall,"94 Main Street, Richford",,ORR,2020-11-01,,POINT (-72.673603 44.99483),POINT (-72.67359999999999 44.99483),,POINT (-72.67359999999999 44.99483),POINT (-72.673603 44.99483)
2020-11-03,VT,,Richmond,municipality,,,,election_day,Camels Hump Middle School,"173 School Street, Richmond",,ORR,2020-11-01,,POINT (-72.99431269999999 44.4135271),POINT (-72.99341 44.41322),,POINT (-72.99409 44.41328),POINT (-72.99431269999999 44.4135271)
2020-11-03,VT,,Ripton,municipality,,,,election_day,Town Office,"1311 VT Route 125, Ripton",,ORR,2020-11-01,,POINT (-73.0366899 43.9751498),,,POINT (-73.03654 43.97508),POINT (-73.0366899 43.9751498)
2020-11-03,VT,,Rochester,municipality,,,,election_day,Rochester High School,"222 South Main Street, Rochester",,ORR,2020-11-01,,POINT (-72.8091872 43.87174659999999),POINT (-72.80844 43.87117),,POINT (-83.13326000000001 42.67859),POINT (-72.8091872 43.87174659999999)
2020-11-03,VT,,Rockingham,municipality,,,,election_day,Masonic Temple,"61 Westminster Street, Bellows Falls",,ORR,2020-11-01,,POINT (-72.444654 43.1311),POINT (-72.44466 43.13111),,POINT (-72.44466 43.1311),POINT (-72.444654 43.1311)
2020-11-03,VT,,Roxbury,municipality,,,,election_day,Town Office,"1664 Roxbury Road, Roxbury",,ORR,2020-11-01,,POINT (-72.7342556 44.0909837),POINT (-72.73417000000001 44.09098),,POINT (-72.73433 44.091),POINT (-72.7342556 44.0909837)
2020-11-03,VT,,Royalton,municipality,,,,election_day,"White River Union School, Royalton Campus, Large Gym","223 South Windsor Street, Gym Entrance, South Royalton",,ORR,2020-11-01,,POINT (-72.5175206 43.8193166),POINT (-72.51739999999999 43.81932),,POINT (-72.51741 43.81927),POINT (-72.5175206 43.8193166)
2020-11-03,VT,,Rupert,municipality,,,,election_day,Town Office,"187 East Street, Shaftsbury",,ORR,2020-11-01,,POINT (-73.20944999999999 42.9466438),POINT (-73.18222 42.9344),,POINT (-73.214 42.94768),POINT (-73.20944999999999 42.9466438)
2020-11-03,VT,,Rutland Town,municipality,,,,election_day,Rutland Town Elementary School,"1612 Post Road, Rutland",,ORR,2020-11-01,,POINT (-72.9633115 43.6386062),POINT (-72.96332 43.63857),,POINT (-72.96311 43.63845),POINT (-72.9633115 43.6386062)
2020-11-03,VT,,Rutland Ward 1,municipality,,,,election_day,Godnick Center,"22 Deer Street, Rutland",,ORR,2020-11-01,,POINT (-72.9671637 43.6147517),POINT (-72.96715 43.61474),,POINT (-72.96715 43.61475),POINT (-72.9671637 43.6147517)
2020-11-03,VT,,Rutland Ward 2,municipality,,,,election_day,Christ the King School,"60 South Main Street, Rutland",,ORR,2020-11-01,,POINT (-72.9711839 43.604458),POINT (-73.26437 43.58331),,POINT (-72.97118 43.60446),POINT (-72.9711839 43.604458)
2020-11-03,VT,,Rutland Ward 3,municipality,,,,election_day,American Legion,"33 Washington Street, Rutland",,ORR,2020-11-01,,POINT (-72.975922 43.605816),POINT (-72.97582 43.60598),,POINT (-72.97592 43.60581),POINT (-72.975922 43.605816)
2020-11-03,VT,,Rutland Ward 4,municipality,,,,election_day,Calvary Bible Church,"2 Meadow Way, Rutland",,ORR,2020-11-01,,POINT (-72.9434792 43.6333034),POINT (-72.94374000000001 43.63343),,POINT (144.66601 -37.8636),POINT (-72.9434792 43.6333034)
2020-11-03,VT,,Ryegate,municipality,,,,election_day,Ryegate Town Hall,"134 Witherspoon Road, South Ryegate",,ORR,2020-11-01,,POINT (-72.1062771 44.208401),POINT (-72.10628 44.20841),,POINT (-72.10628 44.2084),POINT (-72.1062771 44.208401)
2020-11-03,VT,,S. Burlington Chittenden 7-1,municipality,,,,election_day,Orchard School,"2 Baldwin Avenue, South Burlington",,ORR,2020-11-01,,POINT (-73.2077331 44.4401715),POINT (-73.20705 44.44011),,POINT (-73.20759 44.43985),POINT (-73.2077331 44.4401715)
2020-11-03,VT,,"S. Burlington Chittenden 7-2, 7-3",municipality,,,,election_day,FHT Middle School,"500 Dorset Street, South Burlington",,ORR,2020-11-01,,POINT (-73.1772404 44.45674229999999),POINT (-73.17467000000001 44.45556),,POINT (-73.17695999999999 44.45751),POINT (-73.1772404 44.45674229999999)
2020-11-03,VT,,S. Burlington Chittenden 7-4,municipality,,,,election_day,Chamberlin School,"262 White Street, South Burlington",,ORR,2020-11-01,,POINT (-73.16544809999999 44.4712903),POINT (-73.16537 44.47131),,POINT (-73.16531999999999 44.47115),POINT (-73.16544809999999 44.4712903)
2020-11-03,VT,,Saint Albans City,municipality,,,,election_day,St. Albans City Hall,"100 North Main Street, Saint Albans",,ORR,2020-11-01,,POINT (-73.0835895 44.813335),POINT (-73.08363 44.81339),,POINT (-73.08363 44.81338),POINT (-73.0835895 44.813335)
2020-11-03,VT,,Saint Albans Town,municipality,,,,election_day,Collins Perley Sports Center,"890 Fairfax Road, Saint Albans",,ORR,2020-11-01,,POINT (-73.0755841 44.79403130000001),POINT (-73.07714 44.79384),,POINT (-73.07548 44.79399),POINT (-73.0755841 44.79403130000001)
2020-11-03,VT,,Saint George,municipality,,,,election_day,Little Red Schoolhouse,"35 Barber Road, Saint George",,ORR,2020-11-01,,POINT (-73.12671449999999 44.3795191),POINT (-73.12724 44.37903),,POINT (-73.12724 44.37903),POINT (-73.12671449999999 44.3795191)
2020-11-03,VT,,Saint Johnsbury,municipality,,,,election_day,Town Office,"51 Depot Square, St. Johnsbury",,ORR,2020-11-01,,POINT (-72.0153349 44.4171708),POINT (-72.01533999999999 44.41715),,POINT (-72.01555999999999 44.41713),POINT (-72.0153349 44.4171708)
2020-11-03,VT,,Salisbury,municipality,,,,election_day,Salisbury Town Office,"25 Schoolhouse Road, Salisbury",,ORR,2020-11-01,,POINT (-73.1035603 43.8980733),POINT (-73.1036 43.8982),,POINT (-73.10351 43.89803),POINT (-73.1035603 43.8980733)
2020-11-03,VT,,Sandgate,municipality,,,,election_day,Sandgate Town Hall,"3266 Sandgate Road, Arlington",,ORR,2020-11-01,,POINT (-73.1982704 43.1480331),POINT (-73.19829 43.14806),,POINT (-73.19826 43.14812),POINT (-73.1982704 43.1480331)
2020-11-03,VT,,Searsburg,municipality,,,,election_day,Town Clerks Office,"18 Town Garage Road, Wilmington",,ORR,2020-11-01,,POINT (-72.9777986 42.8959553),POINT (-72.97777000000001 42.89572),,POINT (-72.97777000000001 42.89572),POINT (-72.9777986 42.8959553)
2020-11-03,VT,,Shaftsbury,municipality,,,,election_day,Town Garage,"526 North Road, Shaftsbury",,ORR,2020-11-01,,POINT (-73.19874089999999 42.9649341),POINT (-73.19871000000001 42.96496),,POINT (-73.19871999999999 42.96496),POINT (-73.19874089999999 42.9649341)
2020-11-03,VT,,Sharon,municipality,,,,election_day,Sharon Elementary School,"75 VT-132, Sharon",,ORR,2020-11-01,,POINT (-72.45603899999999 43.7849689),POINT (-72.47196 43.77513),,POINT (-72.45604 43.78497),POINT (-72.45603899999999 43.7849689)
2020-11-03,VT,,Sheffield,municipality,,,,election_day,Sheffield Town Office,"37 Dane Road, Sheffield",,ORR,2020-11-01,,POINT (-72.11672059999999 44.6001418),POINT (-72.11689 44.60008),,POINT (-72.11668 44.60017),POINT (-72.11672059999999 44.6001418)
2020-11-03,VT,,Shelburne,municipality,,,,election_day,Town Center Gym,"5420 Shelburne Road, Shelburne",,ORR,2020-11-01,,POINT (-73.22902959999999 44.3785788),POINT (-73.22904 44.37859),,POINT (-73.22905 44.37859),POINT (-73.22902959999999 44.3785788)
2020-11-03,VT,,Sheldon,municipality,,,,election_day,Sheldon School,"1640 Main Street, Sheldon",,ORR,2020-11-01,,POINT (-72.9467246 44.8806086),POINT (-72.94677 44.88063),,POINT (-72.94665000000001 44.8806),POINT (-72.9467246 44.8806086)
2020-11-03,VT,,Shoreham,municipality,,,,election_day,Town Offices,"297 Main Street, Shoreham",,ORR,2020-11-01,,POINT (-73.314919 43.893456),POINT (-73.31525000000001 43.89338),,POINT (-73.31492 43.89345),POINT (-73.314919 43.893456)
2020-11-03,VT,,Shrewsbury,municipality,,,,election_day,Shrewsbury Community Meeting House,"88 Lottery Road, Cuttingsville",,ORR,2020-11-01,,POINT (-72.8691939 43.509743),POINT (-72.86920000000001 43.50975),,POINT (-72.86919 43.50974),POINT (-72.8691939 43.509743)
2020-11-03,VT,,South Hero,municipality,,,,election_day,Town Office Building,"333 Route 2, South Hero",,ORR,2020-11-01,,POINT (-73.30609059999999 44.645098),POINT (-73.30615 44.64509),,POINT (-73.30616000000001 44.6451),POINT (-73.30609059999999 44.645098)
2020-11-03,VT,,Springfield,municipality,,,,election_day,Riverside Middle School,"13 Fairground Road, Springfield",,ORR,2020-11-01,,POINT (-72.4953629 43.3022657),POINT (-72.49684999999999 43.30411),,POINT (-72.49547 43.30226),POINT (-72.4953629 43.3022657)
2020-11-03,VT,,Stamford,municipality,,,,election_day,Stamford Elementary School,"986 Main Road, Stamford",,ORR,2020-11-01,,POINT (-73.06741099999999 42.7548249),POINT (-73.06741 42.75483),,POINT (-73.06780000000001 42.75478),POINT (-73.06741099999999 42.7548249)
2020-11-03,VT,,Stannard,municipality,,,,election_day,Stannard Town Hall,"516 Stannard Mountain Road, Greensboro Bend",,ORR,2020-11-01,,POINT (-72.2204555 44.5444503),POINT (-72.21975999999999 44.54398),,POINT (-62.6289 45.59424),POINT (-72.2204555 44.5444503)
2020-11-03,VT,,Starksboro,municipality,,,,election_day,Robinson Elementary School,"41 Parsonage Road, Starksboro",,ORR,2020-11-01,,POINT (-73.0576863 44.22384110000001),POINT (-73.05768999999999 44.22386),,POINT (-73.05768999999999 44.22387),POINT (-73.0576863 44.22384110000001)
2020-11-03,VT,,Stockbridge,municipality,,,,election_day,Stockbridge Town Office,"1722 VT Route 100, Stockbridge",,ORR,2020-11-01,,POINT (-72.76559399999999 43.775234),POINT (-72.75313 43.78507),,POINT (-72.76557 43.77505),POINT (-72.76559399999999 43.775234)
2020-11-03,VT,,Stowe,municipality,,,,election_day,Akeley Memorial Building,"67 Main Street, Stowe",,ORR,2020-11-01,,POINT (-72.68608189999999 44.4656087),POINT (-72.68613999999999 44.46552),,POINT (-72.68597 44.46556),POINT (-72.68608189999999 44.4656087)
2020-11-03,VT,,Strafford,municipality,,,,election_day,Strafford Town House,"12 Brook Road, Strafford",,ORR,2020-11-01,,POINT (-72.377724 43.866348),POINT (-72.37765 43.86672),,POINT (-72.37772 43.86635),POINT (-72.377724 43.866348)
2020-11-03,VT,,Stratton,municipality,,,,election_day,Stratton Town Clerk,"9 W Jamaica Rd, Stratton",,ORR,2020-11-01,,POINT (-72.908974 43.04319),POINT (-72.90897 43.0432),,POINT (-72.90897 43.04319),POINT (-72.908974 43.04319)
2020-11-03,VT,,Sudbury,municipality,,,,election_day,Sudbury Town Hall,"2759 Route 30, Sudbury",,ORR,2020-11-01,,POINT (-73.2040489 43.79950160000001),,,POINT (-73.20408 43.79942),POINT (-73.2040489 43.79950160000001)
2020-11-03,VT,,Sunderland,municipality,,,,election_day,Sunderland Municipal Offices,"104 Mountain View Road, Arlington",,ORR,2020-11-01,,POINT (-73.1190833 43.104707),POINT (-73.20744000000001 43.13952),,POINT (145.08172 -37.78574),POINT (-73.1190833 43.104707)
2020-11-03,VT,,Sutton,municipality,,,,election_day,Town Clerk's Office,"167 Underpass Road, Sutton",,ORR,2020-11-01,,POINT (-72.028446 44.6346037),POINT (-72.02855 44.63471),,POINT (-72.02843 44.63459),POINT (-72.028446 44.6346037)
2020-11-03,VT,,Swanton,municipality,,,,election_day,Swanton Village Complex,"120 1st Street, Swanton",,ORR,2020-11-01,,POINT (-73.1129859 44.920675),POINT (-73.11305 44.92076),,POINT (-73.11305 44.92076),POINT (-73.1129859 44.920675)
2020-11-03,VT,,Thetford,municipality,,,,election_day,Town Hall,"3910 VT Route 113, Thetford Center",,ORR,2020-11-01,,POINT (-72.24674879999999 43.8315157),POINT (-72.24681 43.83156),,POINT (-72.24699 43.83137),POINT (-72.24674879999999 43.8315157)
2020-11-03,VT,,Tinmouth,municipality,,,,election_day,Tinmouth Community Center,"573 Route 140, Wallingford",,ORR,2020-11-01,,POINT (-73.0510709 43.4494929),POINT (-73.05107 43.44949),,POINT (-73.05107 43.44949),POINT (-73.0510709 43.4494929)
2020-11-03,VT,,Topsham,municipality,,,,election_day,Topsham Town Clerk,"6 Harts Road, Topsham",,ORR,2020-11-01,,POINT (-72.23183399999999 44.121235),POINT (-72.23183 44.12123),,POINT (-72.23183 44.12123),POINT (-72.23183399999999 44.121235)
2020-11-03,VT,,Townshend,municipality,,,,election_day,Town Hall,"2006 VT Route 30, Townshend",,ORR,2020-11-01,,POINT (-72.666915 43.045905),POINT (-72.66691 43.0459),,POINT (-72.65680999999999 43.02002),POINT (-72.666915 43.045905)
2020-11-03,VT,,Troy,municipality,,,,election_day,Town Clerk's Office,"142 Main Street, North Troy",,ORR,2020-11-01,,POINT (-72.3979289 44.9951899),POINT (-72.40506999999999 44.99546),,POINT (-72.40510999999999 44.9954),POINT (-72.40506999999999 44.99546)
2020-11-03,VT,,Tunbridge,municipality,,,,election_day,Tunbridge Town Hall,"27 VT-110, South Royalton",,ORR,2020-11-01,,POINT (-72.51897679999999 43.8243211),POINT (-72.5189 43.82424),,POINT (-72.51506999999999 43.83414),POINT (-72.51897679999999 43.8243211)
2020-11-03,VT,,Underhill,municipality,,,,election_day,Town Hall,"12 Pleasant Valley Road, Underhill",,ORR,2020-11-01,,POINT (-72.8986979 44.5075431),POINT (-72.89878 44.50757),,POINT (-72.89878 44.50757),POINT (-72.8986979 44.5075431)
2020-11-03,VT,,Vergennes,municipality,,,,election_day,Fire Station,"50 Green Street, Vergennes",,ORR,2020-11-01,,POINT (-73.25132479999999 44.1665977),POINT (-73.25084 44.16652),,POINT (-73.25152 44.16679),POINT (-73.25132479999999 44.1665977)
2020-11-03,VT,,Vernon,municipality,,,,election_day,Vernon Town Hall,"567 Governor Hunt Road, Vernon",,ORR,2020-11-01,,POINT (-72.52180899999999 42.779883),POINT (-72.52181 42.77989),,POINT (-72.52181 42.77988),POINT (-72.52180899999999 42.779883)
2020-11-03,VT,,Vershire,municipality,,,,election_day,Town Center Building,"27 Vershire Center Road, Vershire",,ORR,2020-11-01,,POINT (-72.3237141 43.969888),POINT (-72.32371999999999 43.96995),,POINT (-72.32371999999999 43.96989),POINT (-72.3237141 43.969888)
2020-11-03,VT,,Victory,municipality,,,,election_day,Victory Town Hall,"102 Radar Road, N. Concord",,ORR,2020-11-01,,POINT (-71.78472959999999 44.5762743),POINT (-71.78483 44.5763),,POINT (-71.78484 44.5763),POINT (-71.78472959999999 44.5762743)
2020-11-03,VT,,Waitsfield,municipality,,,,election_day,Waitsfield Elementary School,"3951 Main Street, Waitsfield",,ORR,2020-11-01,,POINT (-72.8191824 44.1945273),POINT (-72.81946000000001 44.19454),,POINT (-72.81947 44.19455),POINT (-72.8191824 44.1945273)
2020-11-03,VT,,Walden,municipality,,,,election_day,Emergency Services Building,"12 VT-215, West Danville",,ORR,2020-11-01,,POINT (-72.25710169999999 44.4522197),POINT (-72.25700000000001 44.45228),,POINT (-72.14049 44.41161),POINT (-72.25710169999999 44.4522197)
2020-11-03,VT,,Wallingford,municipality,,,,election_day,Wallingford Town Hall,"75 School Street, Wallingford",,ORR,2020-11-01,,POINT (-72.97579999999999 43.4716473),POINT (-72.97580000000001 43.47166),,POINT (-72.97575000000001 43.47163),POINT (-72.97579999999999 43.4716473)
2020-11-03,VT,,Waltham,municipality,,,,election_day,Town of Waltham,"2053 Maple Street, Vergennes",,ORR,2020-11-01,,POINT (-73.2446959 44.130896),POINT (-73.24464 44.13095),,POINT (-73.24469000000001 44.13082),POINT (-73.2446959 44.130896)
2020-11-03,VT,,Wardsboro,municipality,,,,election_day,Town Hall,"71 Main Street, Wardsboro",,ORR,2020-11-01,,POINT (-72.790364 43.041711),POINT (-72.79036000000001 43.04171),,POINT (-72.79018000000001 43.0417),POINT (-72.790364 43.041711)
2020-11-03,VT,,Warren,municipality,,,,election_day,Warren Town Hall,"413 Main Street, Warren",,ORR,2020-11-01,,POINT (-72.8556925 44.1126674),POINT (-72.8557 44.11269),,POINT (-72.8557 44.11269),POINT (-72.8556925 44.1126674)
2020-11-03,VT,,Washington,municipality,,,,election_day,Washington Town Hall,"2895 VT Route 110, Washington",,ORR,2020-11-01,,POINT (-72.43340049999999 44.10877139999999),POINT (-72.43344999999999 44.10868),,POINT (-72.43351 44.10866),POINT (-72.43340049999999 44.10877139999999)
2020-11-03,VT,,Waterbury,municipality,,,,election_day,Thatcher Brook Primary School,"47 Stowe Street, Waterbury",,ORR,2020-11-01,,POINT (-72.75313899999999 44.339128),POINT (-72.75314 44.33914),,POINT (-72.75306999999999 44.33926),POINT (-72.75313899999999 44.339128)
2020-11-03,VT,,Waterford,municipality,,,,election_day,Davies Memorial Library,"532 Maple Street, Lower Waterford",,ORR,2020-11-01,,POINT (-71.90774039999999 44.3543917),POINT (-71.90773 44.35436),,POINT (-71.90773 44.35436),POINT (-71.90774039999999 44.3543917)
2020-11-03,VT,,Waterville,municipality,,,,election_day,Waterville Town Hall,"544 VT Route 109, Waterville",,ORR,2020-11-01,,POINT (-72.76895499999999 44.690351),POINT (-72.76895 44.69035),,POINT (-72.76904 44.69044),POINT (-72.76895499999999 44.690351)
2020-11-03,VT,,Wells,municipality,,,,election_day,Wells Town Office,"1064 VT RT 30, Wells",,ORR,2020-11-01,,POINT (-73.212459 43.416466),POINT (-73.21225 43.4168),,POINT (-73.22468000000001 43.41154),POINT (-73.212459 43.416466)
2020-11-03,VT,,West Burke,municipality,,,,election_day,Burke Community Building,"212 School Street, West Burke",,ORR,2020-11-01,,POINT (-71.9790677 44.6452114),POINT (-71.97909 44.64526),,POINT (-71.97875000000001 44.64514),POINT (-71.9790677 44.6452114)
2020-11-03,VT,,West Fairlee,municipality,,,,election_day,Community Building/Town Office,"870 VT Route 113, West Fairlee",,ORR,2020-11-01,,POINT (-72.2627425 43.9097789),POINT (-72.26264 43.90952),,POINT (-73.21068 43.60849),POINT (-72.2627425 43.9097789)
2020-11-03,VT,,West Haven,municipality,,,,election_day,Community Hall,"2919 Main Road, Fair Haven",,ORR,2020-11-01,,POINT (-73.33860589999999 43.651812),POINT (-73.33882 43.65186),,POINT (-73.33882 43.65185),POINT (-73.33860589999999 43.651812)
2020-11-03,VT,,West Rutland,municipality,,,,election_day,Town Hall,"35 Marble Street, West Rutland",,ORR,2020-11-01,,POINT (-73.04837089999999 43.5948752),POINT (-73.04821 43.59477),,POINT (-73.04821 43.59478),POINT (-73.04837089999999 43.5948752)
2020-11-03,VT,,West Townshend,municipality,,,,election_day,Windham Town Office,"5976 Windham Hill Road, West Townshend",,ORR,2020-11-01,,POINT (-72.72552499999999 43.166218),POINT (-72.72538 43.16629),,POINT (-72.72552 43.16622),POINT (-72.72552499999999 43.166218)
2020-11-03,VT,,West Windsor,municipality,,,,election_day,Story Memorial Hall,"22 Brownsville-Hartland Road, Windsor",,ORR,2020-11-01,,POINT (-72.47086470000001 43.4682511),POINT (-72.47084 43.46824),,POINT (-72.47085 43.46824),POINT (-72.47086470000001 43.4682511)
2020-11-03,VT,,Westfield,municipality,,,,election_day,Westfield Community Center,"59 North Hill Road, Westfield",,ORR,2020-11-01,,POINT (-72.42898509999999 44.8898573),POINT (-72.42891 44.8899),,POINT (-72.42892000000001 44.8899),POINT (-72.42898509999999 44.8898573)
2020-11-03,VT,,Westford,municipality,,,,election_day,Westford School,"146 Brookside Road, Westford",,ORR,2020-11-01,,POINT (-73.0189539 44.60295199999999),POINT (-73.01896000000001 44.60296),,POINT (-73.01895 44.60295),POINT (-73.0189539 44.60295199999999)
2020-11-03,VT,,Westminster,municipality,,,,election_day,Westminster Town Hall,"3651 US Route 5, Westminster",,ORR,2020-11-01,,POINT (-72.457852 43.0689114),POINT (-72.45799 43.06856),,POINT (-72.45787 43.06886),POINT (-72.457852 43.0689114)
2020-11-03,VT,,Westmore,municipality,,,,election_day,Westmore Municipal Offices,"30 Hinton Hill Road, Orleans",,ORR,2020-11-01,,POINT (-72.05456149999999 44.7711275),POINT (-72.05452 44.77117),,POINT (-72.05452 44.77118),POINT (-72.05456149999999 44.7711275)
2020-11-03,VT,,Weston,municipality,,,,election_day,Weston Playhouse,"12 Park Street, Weston",,ORR,2020-11-01,,POINT (-72.79324609999999 43.2923353),POINT (-72.79325 43.29231),,POINT (-72.79325 43.29232),POINT (-72.79324609999999 43.2923353)
2020-11-03,VT,,Weybridge,municipality,,,,election_day,Town Clerk's Office,"1727 Quaker Village Road, Weybridge",,ORR,2020-11-01,,POINT (-73.2154651 44.0634921),POINT (-73.21547 44.06348),,POINT (-73.21559000000001 44.06349),POINT (-73.2154651 44.0634921)
2020-11-03,VT,,Wheelock,municipality,,,,election_day,Wheelock Town Hall,"1192 Route 122, Lyndonville",,ORR,2020-11-01,,POINT (-72.08262329999999 44.5877011),POINT (-72.08264 44.58766),,POINT (-72.08265 44.58767),POINT (-72.08262329999999 44.5877011)
2020-11-03,VT,,Whiting,municipality,,,,election_day,Town Hall,"27 South Main Street, Whiting",,ORR,2020-11-01,,POINT (-73.2007749 43.862122),POINT (-73.20077000000001 43.86212),,POINT (-73.20077999999999 43.86212),POINT (-73.2007749 43.862122)
2020-11-03,VT,,Whitingham,municipality,,,,election_day,Whitingham Municipal Center,"2948 VT Route 100, Whitingham",,ORR,2020-11-01,,POINT (-72.82303899999999 42.798429),POINT (-72.81641 42.74015),,POINT (-72.82304000000001 42.79843),POINT (-72.82303899999999 42.798429)
2020-11-03,VT,,Williamstown,municipality,,,,election_day,Williamstown Middle/High School,"120 Hebert Road, Williamstown",,ORR,2020-11-01,,POINT (-72.5465902 44.1263606),POINT (-72.54669 44.12635),,POINT (-72.54707999999999 44.12621),POINT (-72.5465902 44.1263606)
2020-11-03,VT,,Williston,municipality,,,,election_day,Williston Armory,"7846 Williston Road, Williston",,ORR,2020-11-01,,POINT (-73.0739923 44.4383269),POINT (-73.07405 44.43831),,POINT (-73.07405 44.43831),POINT (-73.0739923 44.4383269)
2020-11-03,VT,,Wilmington,municipality,,,,election_day,The Old School Community Center,"1 School Street, Wilmington",,ORR,2020-11-01,,POINT (-72.8691788 42.8660688),POINT (-72.86911000000001 42.86618),,POINT (-72.86912 42.86618),POINT (-72.8691788 42.8660688)
2020-11-03,VT,,Windham,municipality,,,,election_day,Windham Meeting House,"26 Harrington Road, Windham",,ORR,2020-11-01,,POINT (-72.72583 43.180637),POINT (-72.48599 43.059),POINT (-72.725979 43.180418),POINT (-72.72583 43.18064),POINT (-72.72583 43.180637)
2020-11-03,VT,,Windsor,municipality,,,,election_day,Windsor Municipal Bldg. Rec. Ctr. Gym,"29 Union Street, Windsor",,ORR,2020-11-01,,POINT (-72.3926173 43.4764878),POINT (-72.39247 43.47682),POINT (-72.392003 43.477213),POINT (-72.39223 43.47696),POINT (-72.3926173 43.4764878)
2020-11-03,VT,,Winhall,municipality,,,,election_day,Winhall Town Hall,"115 VT-30, Winhall",,ORR,2020-11-01,,POINT (-72.8885494 43.1438523),POINT (-72.88845000000001 43.14404),,POINT (-72.88863000000001 43.14389),POINT (-72.8885494 43.1438523)
2020-11-03,VT,,Winooski,municipality,,,,election_day,Winooski Senior Center,"123 Barlow Street, Winooski",,ORR,2020-11-01,,POINT (-73.18284899999999 44.493522),POINT (-73.18285 44.49353),,POINT (-73.18284 44.49352),POINT (-73.18284899999999 44.493522)
2020-11-03,VT,,Wolcott,municipality,,,,election_day,Wolcott Town Office,"28 Railroad Street, Wolcott",,ORR,2020-11-01,,POINT (-72.4581463 44.54424909999999),POINT (-72.45820999999999 44.54419),,POINT (-72.45820999999999 44.54419),POINT (-72.4581463 44.54424909999999)
2020-11-03,VT,,Woodbury,municipality,,,,election_day,Woodbury Town Hall,"3675 VT Route 14, Woodbury",,ORR,2020-11-01,,POINT (-72.415407 44.44079),POINT (-72.41540000000001 44.44079),,POINT (-72.41540999999999 44.44079),POINT (-72.415407 44.44079)
2020-11-03,VT,,Woodford,municipality,,,,election_day,Woodford Town Hall,"1391 VT Route 9, Bennington",,ORR,2020-11-01,,POINT (-73.1308655 42.8965791),POINT (-73.13021000000001 42.8966),,POINT (-73.13017000000001 42.89652),POINT (-73.1308655 42.8965791)
2020-11-03,VT,,Woodstock,municipality,,,,election_day,Town Hall,"31 The Green, Woodstock",,ORR,2020-11-01,,POINT (-72.5215955 43.623034),POINT (-72.52185 43.62333),,POINT (-72.52161 43.62308),POINT (-72.5215955 43.623034)
2020-11-03,VT,,Worcester,municipality,,,,election_day,Worcester Town Hall,"12 Worcester Village Road, Worcester",,ORR,2020-11-01,,POINT (-72.5499921 44.3728939),POINT (-72.55016000000001 44.37289),,POINT (-72.55016000000001 44.37289),POINT (-72.5499921 44.3728939)
